{
  "bot_states": [
    {
      "ID": 0,
      "direction": 1.5,
      "state": {},
      "x_position": -196.49619332173265,
      "y_position": -43.472452530104533
    },
    {
      "ID": 100,
      "direction": 3.0,
      "state": {},
      "x_position": 208.0,
      "y_position": -83.0
    },
    {
      "ID": 1,
      "direction": 1.5,
      "state": {},
      "x_position": -160.95618433665851,
      "y_position": -55.292551946425093
    },
    {
      "ID": 2,
      "direction": 4.5,
      "state": {},
      "x_position": -163.0,
      "y_position": -18.0
    }
  ],
  "ticks": 422
}
